state,office,person,party,start_date,end_date,notes,sources
Gujarat,cm,Jivraj Narayan Mehta,Indian National Congress,1960-05-01,1963-09-19,First Chief Minister of Gujarat,S2
Gujarat,governor,Mehdi Nawaz Jung,,1960-05-01,1965-08-01,First Governor of Gujarat,S4
Gujarat,cm,Balwantrai Mehta,Indian National Congress,1963-09-19,1965-09-19,Died in office,S2
Gujarat,cm,Hitendra K Desai,Indian National Congress,1965-09-19,1971-05-12,,S2
Gujarat,presidents_rule,,,1971-05-13,1972-03-17,Loss of majority,S1
Gujarat,cm,Ghanshyam Oza,Indian National Congress,1972-03-17,1973-07-17,,S2
Gujarat,cm,Chimanbhai Patel,Indian National Congress,1973-07-17,1974-02-09,Resigned during Nav Nirman movement,S2
Gujarat,presidents_rule,,,1974-02-09,1975-06-18,Nav Nirman movement agitation,S1
Gujarat,cm,Babubhai J. Patel,Indian National Congress (O),1975-06-18,1976-03-12,First non-Congress government,S2
Gujarat,presidents_rule,,,1976-03-12,1976-12-24,,S1
Gujarat,cm,Madhav Singh Solanki,Indian National Congress,1976-12-24,1977-04-11,,S2
Gujarat,cm,Babubhai J. Patel,Janata Party,1977-04-11,1980-02-17,,S2
Gujarat,presidents_rule,,,1980-02-17,1980-06-07,,S1
Gujarat,cm,Madhav Singh Solanki,Indian National Congress,1980-06-07,1985-07-06,,S2
Gujarat,cm,Amarsinh Chaudhary,Indian National Congress,1985-07-06,1989-12-10,,S2
Gujarat,cm,Madhav Singh Solanki,Indian National Congress,1989-12-10,1990-03-04,,S2
Gujarat,cm,Chimanbhai Patel,Janata Dal,1990-03-04,1994-02-17,Died in office,S2
Gujarat,cm,Chhabildas Mehta,Indian National Congress,1994-02-17,1995-03-14,,S2
Gujarat,cm,Keshubhai Patel,Bharatiya Janata Party,1995-03-14,1995-10-21,,S2
Gujarat,cm,Suresh Mehta,Bharatiya Janata Party,1995-10-21,1996-09-19,,S2
Gujarat,presidents_rule,,,1996-09-19,1996-10-23,,S1
Gujarat,cm,Shankersinh Vaghela,Rashtriya Janata Party,1996-10-23,1997-10-27,,S2
Gujarat,cm,Dilip Parikh,Rashtriya Janata Party,1997-10-27,1998-03-04,,S2
Gujarat,cm,Keshubhai Patel,Bharatiya Janata Party,1998-03-04,2001-10-07,,S2
Gujarat,cm,Narendra Modi,Bharatiya Janata Party,2001-10-07,2014-05-22,,S2
Gujarat,cm,Anandiben Patel,Bharatiya Janata Party,2014-05-22,2016-08-07,First female Chief Minister of Gujarat,S2
Gujarat,cm,Vijay Rupani,Bharatiya Janata Party,2016-08-07,2021-09-13,,S2
Gujarat,governor,Acharya Devvrat,,2019-07-22,,,S4
Gujarat,cm,Bhupendrabhai Patel,Bharatiya Janata Party,2021-09-13,,,S2
Jammu and Kashmir,cm,Mehr Chand Mahajan,Independent,1947-10-15,1948-03-05,Designated Prime Minister of Jammu and Kashmir (pre-1965 title),N2
Jammu and Kashmir,cm,Sheikh Abdullah,Jammu & Kashmir National Conference,1948-03-05,1953-08-09,Designated Prime Minister of Jammu and Kashmir (pre-1965 title),N2
Jammu and Kashmir,cm,Bakshi Ghulam Mohammad,Jammu & Kashmir National Conference,1953-08-09,1963-10-12,Designated Prime Minister of Jammu and Kashmir (pre-1965 title),N2
Jammu and Kashmir,cm,Khwaja Shamsuddin,Jammu & Kashmir National Conference,1963-10-12,1964-02-29,Designated Prime Minister of Jammu and Kashmir (pre-1965 title),N2
Jammu and Kashmir,cm,Ghulam Mohammed Sadiq,Indian National Congress,1964-02-29,1965-03-30,Designated Prime Minister of Jammu and Kashmir (pre-1965 title),N2
Jammu and Kashmir,cm,Ghulam Mohammed Sadiq,Indian National Congress,1965-03-30,1971-12-12,,N2
Jammu and Kashmir,cm,Syed Mir Qasim,Indian National Congress,1971-12-12,1975-02-25,,N2
Jammu and Kashmir,cm,Sheikh Abdullah,Jammu & Kashmir National Conference,1975-02-25,1977-03-26,,N2
Jammu and Kashmir,presidents_rule,,,1977-03-26,1977-07-09,Governor Rule,N2
Jammu and Kashmir,cm,Sheikh Abdullah,Jammu & Kashmir National Conference,1977-07-09,1982-09-08,,N2
Jammu and Kashmir,cm,Farooq Abdullah,Jammu & Kashmir National Conference,1982-09-08,1984-07-02,,N2
Jammu and Kashmir,cm,Ghulam Mohammad Shah,Awami National Conference,1984-07-02,1986-03-06,,N2
Jammu and Kashmir,presidents_rule,,,1986-03-06,1986-11-07,Governor Rule,N2
Jammu and Kashmir,cm,Farooq Abdullah,Jammu & Kashmir National Conference,1986-11-07,1990-01-19,,N2
Jammu and Kashmir,presidents_rule,,,1990-01-19,1996-10-09,Governor Rule,N2
Jammu and Kashmir,cm,Farooq Abdullah,Jammu & Kashmir National Conference,1996-10-09,2002-10-18,,N2
Jammu and Kashmir,presidents_rule,,,2002-10-18,2002-11-02,Governor Rule,N2
Jammu and Kashmir,cm,Mufti Mohammad Sayeed,Jammu and Kashmir Peoples Democratic Party,2002-11-02,2005-11-02,,N2
Jammu and Kashmir,cm,Ghulam Nabi Azad,Indian National Congress,2005-11-02,2008-07-11,,N2
Jammu and Kashmir,presidents_rule,,,2008-07-11,2009-01-05,Governor Rule,N2
Jammu and Kashmir,cm,Omar Abdullah,Jammu & Kashmir National Conference,2009-01-05,2015-01-08,,N2
Jammu and Kashmir,presidents_rule,,,2015-01-08,2015-03-01,Governor Rule,N2
Jammu and Kashmir,cm,Mufti Mohammad Sayeed,Jammu and Kashmir Peoples Democratic Party,2015-03-01,2016-01-07,Died in office,N2
Jammu and Kashmir,presidents_rule,,,2016-01-07,2016-04-04,Governor Rule,N2
Jammu and Kashmir,cm,Mehbooba Mufti,Jammu and Kashmir Peoples Democratic Party,2016-04-04,2018-06-19,,N2
Jammu and Kashmir,presidents_rule,,,2018-06-19,2024-10-16,Governor Rule,N2
Jammu and Kashmir,cm,Omar Abdullah,Jammu & Kashmir National Conference,2024-10-16,,,N2
Ladakh,governor,Radha Krishna Mathur,,2019-10-31,2023-02-12,Lieutenant Governor,N2
Ladakh,governor,B. D. Mishra,,2023-02-12,,Lieutenant Governor,N2
Punjab,cm,Gopi Chand Bhargava,Indian National Congress,1947-08-15,1949-04-13,,N2
Punjab,cm,Bhim Sen Sachar,Indian National Congress,1949-04-13,1949-10-18,,N2
Punjab,cm,Gopi Chand Bhargava,Indian National Congress,1949-10-18,1951-06-20,,N2
Punjab,presidents_rule,,,1951-06-20,1952-04-17,,N2
Punjab,cm,Bhim Sen Sachar,Indian National Congress,1952-04-17,1956-01-23,,N2
Punjab,cm,Partap Singh Kairon,Indian National Congress,1956-01-23,1964-06-21,,N2
Punjab,cm,Gopi Chand Bhargava,Indian National Congress,1964-06-21,1964-07-06,,N2
Punjab,cm,Ram Kishan,Indian National Congress,1964-07-06,1966-07-05,,N2
Punjab,presidents_rule,,,1966-07-05,1966-11-01,,N2
Punjab,cm,Giani Gurmukh Singh Musafir,Indian National Congress,1966-11-01,1967-03-08,,N2
Punjab,cm,Gurnam Singh,Shiromani Akali Dal,1967-03-08,1967-11-25,,N2
Punjab,cm,Lachhman Singh Gill,Punjab Janta Party,1967-11-25,1968-08-23,,N2
Punjab,presidents_rule,,,1968-08-23,1969-02-17,,N2
Punjab,cm,Gurnam Singh,Shiromani Akali Dal,1969-02-17,1970-03-27,,N2
Punjab,cm,Parkash Singh Badal,Shiromani Akali Dal,1970-03-27,1971-06-14,,N2
Punjab,presidents_rule,,,1971-06-14,1972-03-17,,N2
Punjab,cm,Zail Singh,Indian National Congress,1972-03-17,1977-04-30,,N2
Punjab,presidents_rule,,,1977-04-30,1977-06-20,,N2
Punjab,cm,Parkash Singh Badal,Shiromani Akali Dal,1977-06-20,1980-02-17,,N2
Punjab,presidents_rule,,,1980-02-17,1980-06-06,,N2
Punjab,cm,Darbara Singh,Indian National Congress,1980-06-06,1983-10-10,,N2
Punjab,presidents_rule,,,1983-10-10,1985-09-29,,N2
Punjab,cm,Surjit Singh Barnala,Shiromani Akali Dal,1985-09-29,1987-05-11,,N2
Punjab,presidents_rule,,,1987-05-11,1992-02-25,,N2
Punjab,cm,Beant Singh,Indian National Congress,1992-02-25,1995-08-31,Assassinated in office,N2
Punjab,cm,Harcharan Singh Brar,Indian National Congress,1995-08-31,1996-11-21,,N2
Punjab,cm,Rajinder Kaur Bhattal,Indian National Congress,1996-11-21,1997-02-11,,N2
Punjab,cm,Parkash Singh Badal,Shiromani Akali Dal,1997-02-11,2002-02-26,,N2
Punjab,cm,Amarinder Singh,Indian National Congress,2002-02-26,2007-03-01,,N2
Punjab,cm,Parkash Singh Badal,Shiromani Akali Dal,2007-03-01,2017-03-16,,N2
Punjab,cm,Amarinder Singh,Indian National Congress,2017-03-16,2021-09-20,,N2
Punjab,cm,Charanjit Singh Channi,Indian National Congress,2021-09-20,2022-03-16,,N2
Punjab,cm,Bhagwant Mann,Aam Aadmi Party,2022-03-16,,,N2
Haryana,cm,Bhagwat Dayal Sharma,Indian National Congress,1966-11-01,1967-03-24,,N2
Haryana,cm,Rao Birender Singh,Vishal Haryana Party,1967-03-24,1967-11-02,,N2
Haryana,presidents_rule,,,1967-11-02,1968-05-22,,N2
Haryana,cm,Bansi Lal,Indian National Congress,1968-05-22,1975-12-01,,N2
Haryana,cm,Banarsi Das Gupta,Indian National Congress,1975-12-01,1977-04-30,,N2
Haryana,presidents_rule,,,1977-04-30,1977-06-21,,N2
Haryana,cm,Devi Lal,Janata Party,1977-06-21,1979-06-28,,N2
Haryana,cm,Bhajan Lal,Janata Party,1979-06-28,1980-01-22,,N2
Haryana,cm,Bhajan Lal,Indian National Congress,1980-01-22,1986-06-05,,N2
Haryana,cm,Bansi Lal,Indian National Congress,1986-06-05,1987-06-20,,N2
Haryana,cm,Devi Lal,Lok Dal,1987-06-20,1989-12-02,,N2
Haryana,cm,Om Prakash Chautala,Janata Dal,1989-12-02,1990-05-22,,N2
Haryana,cm,Banarsi Das Gupta,Janata Dal,1990-05-22,1990-07-12,,N2
Haryana,cm,Om Prakash Chautala,Janata Dal,1990-07-12,1990-07-17,,N2
Haryana,cm,Hukam Singh,Janata Dal,1990-07-17,1991-03-22,,N2
Haryana,cm,Om Prakash Chautala,Samajwadi Janata Party (Rashtriya),1991-03-22,1991-04-06,,N2
Haryana,presidents_rule,,,1991-04-06,1991-06-23,,N2
Haryana,cm,Bhajan Lal,Indian National Congress,1991-06-23,1996-05-11,,N2
Haryana,cm,Bansi Lal,Haryana Vikas Party,1996-05-11,1999-07-24,,N2
Haryana,cm,Om Prakash Chautala,Indian National Lok Dal,1999-07-24,2005-03-05,,N2
Haryana,cm,Bhupinder Singh Hooda,Indian National Congress,2005-03-05,2014-10-26,,N2
Haryana,cm,Manohar Lal Khattar,Bharatiya Janata Party,2014-10-26,2024-03-12,,N2
Haryana,cm,Nayab Singh Saini,Bharatiya Janata Party,2024-03-12,,,N2
Himachal Pradesh,cm,Yashwant Singh Parmar,Indian National Congress,1952-03-08,1956-10-31,Part C State Chief Minister,N2
Himachal Pradesh,cm,Yashwant Singh Parmar,Indian National Congress,1963-07-01,1977-01-28,,N2
Himachal Pradesh,cm,Thakur Ram Lal,Indian National Congress,1977-01-28,1977-04-30,,N2
Himachal Pradesh,presidents_rule,,,1977-04-30,1977-06-22,,N2
Himachal Pradesh,cm,Shanta Kumar,Janata Party,1977-06-22,1980-02-14,,N2
Himachal Pradesh,cm,Thakur Ram Lal,Indian National Congress,1980-02-14,1983-04-07,,N2
Himachal Pradesh,cm,Virbhadra Singh,Indian National Congress,1983-04-08,1990-03-05,,N2
Himachal Pradesh,cm,Shanta Kumar,Bharatiya Janata Party,1990-03-05,1992-12-15,,N2
Himachal Pradesh,presidents_rule,,,1992-12-15,1993-12-03,,N2
Himachal Pradesh,cm,Virbhadra Singh,Indian National Congress,1993-12-03,1998-03-24,,N2
Himachal Pradesh,cm,Prem Kumar Dhumal,Bharatiya Janata Party,1998-03-24,2003-03-06,,N2
Himachal Pradesh,cm,Virbhadra Singh,Indian National Congress,2003-03-06,2007-12-30,,N2
Himachal Pradesh,cm,Prem Kumar Dhumal,Bharatiya Janata Party,2007-12-30,2012-12-25,,N2
Himachal Pradesh,cm,Virbhadra Singh,Indian National Congress,2012-12-25,2017-12-27,,N2
Himachal Pradesh,cm,Jai Ram Thakur,Bharatiya Janata Party,2017-12-27,2022-12-11,,N2
Himachal Pradesh,cm,Sukhvinder Singh Sukhu,Indian National Congress,2022-12-11,,,N2
Uttarakhand,cm,Nityanand Swami,Bharatiya Janata Party,2000-11-09,2001-10-30,,N2
Uttarakhand,cm,Bhagat Singh Koshyari,Bharatiya Janata Party,2001-10-30,2002-03-02,,N2
Uttarakhand,cm,N. D. Tiwari,Indian National Congress,2002-03-02,2007-03-07,,N2
Uttarakhand,cm,B. C. Khanduri,Bharatiya Janata Party,2007-03-07,2009-06-27,,N2
Uttarakhand,cm,Ramesh Pokhriyal,Bharatiya Janata Party,2009-06-27,2011-09-11,,N2
Uttarakhand,cm,B. C. Khanduri,Bharatiya Janata Party,2011-09-11,2012-03-13,,N2
Uttarakhand,cm,Vijay Bahuguna,Indian National Congress,2012-03-13,2014-01-31,,N2
Uttarakhand,cm,Harish Rawat,Indian National Congress,2014-02-01,2016-03-27,,N2
Uttarakhand,presidents_rule,,,2016-03-27,2016-04-21,,N2
Uttarakhand,cm,Harish Rawat,Indian National Congress,2016-04-21,2016-04-22,,N2
Uttarakhand,presidents_rule,,,2016-04-22,2016-05-11,,N2
Uttarakhand,cm,Harish Rawat,Indian National Congress,2016-05-11,2017-03-18,,N2
Uttarakhand,cm,Trivendra Singh Rawat,Bharatiya Janata Party,2017-03-18,2021-03-10,,N2
Uttarakhand,cm,Tirath Singh Rawat,Bharatiya Janata Party,2021-03-10,2021-07-04,,N2
Uttarakhand,cm,Pushkar Singh Dhami,Bharatiya Janata Party,2021-07-04,,,N2
Delhi,cm,Chaudhary Brahm Prakash,Indian National Congress,1952-03-17,1955-02-12,,N2
Delhi,cm,Gurmukh Nihal Singh,Indian National Congress,1955-02-12,1956-11-01,,N2
Delhi,cm,Madan Lal Khurana,Bharatiya Janata Party,1993-12-02,1996-02-26,,N2
Delhi,cm,Sahib Singh Verma,Bharatiya Janata Party,1996-02-26,1998-10-12,,N2
Delhi,cm,Sushma Swaraj,Bharatiya Janata Party,1998-10-12,1998-12-03,,N2
Delhi,cm,Sheila Dikshit,Indian National Congress,1998-12-03,2013-12-28,,N2
Delhi,cm,Arvind Kejriwal,Aam Aadmi Party,2013-12-28,2014-02-14,,N2
Delhi,presidents_rule,,,2014-02-14,2015-02-14,,N2
Delhi,cm,Arvind Kejriwal,Aam Aadmi Party,2015-02-14,2024-09-17,,N2
Delhi,cm,Atishi Marlena,Aam Aadmi Party,2024-09-21,,,N2
Chandigarh,governor,Bhairab Dutt Pande,,1984-06-02,1984-07-02,Administrator,N2
Chandigarh,governor,Banwarilal Purohit,,2021-08-31,2024-07-30,Administrator,N2
Chandigarh,governor,Gulab Chand Kataria,,2024-07-31,,Administrator,N2
Andhra Pradesh,cm,Neelam Sanjiva Reddy,Indian National Congress,1956-11-01,1960-01-11,First Chief Minister of Andhra Pradesh,N2
Andhra Pradesh,cm,D. Sanjivayya,Indian National Congress,1960-01-11,1962-03-12,First Dalit Chief Minister,N2
Andhra Pradesh,cm,Neelam Sanjiva Reddy,Indian National Congress,1962-03-12,1964-02-20,,N2
Andhra Pradesh,cm,K. Brahmananda Reddy,Indian National Congress,1964-02-21,1971-09-30,,N2
Andhra Pradesh,cm,P. V. Narasimha Rao,Indian National Congress,1971-09-30,1973-01-10,,N2
Andhra Pradesh,presidents_rule,,,1973-01-11,1973-12-10,Jai Andhra Movement,N2
Andhra Pradesh,cm,J. Vengal Rao,Indian National Congress,1973-12-10,1978-03-06,,N2
Andhra Pradesh,cm,M. Chenna Reddy,Indian National Congress,1978-03-06,1980-10-11,,N2
Andhra Pradesh,cm,T. Anjaiah,Indian National Congress,1980-10-11,1982-02-24,,N2
Andhra Pradesh,cm,Bhavanam Venkatarami Reddy,Indian National Congress,1982-02-24,1982-09-20,,N2
Andhra Pradesh,cm,Kotla Vijaya Bhaskara Reddy,Indian National Congress,1982-09-20,1983-01-09,,N2
Andhra Pradesh,cm,N. T. Rama Rao,Telugu Desam Party,1983-01-09,1984-08-16,First Non-Congress CM,N2
Andhra Pradesh,cm,Nadendla Bhaskara Rao,Telugu Desam Party (Rebel),1984-08-16,1984-09-16,,N2
Andhra Pradesh,cm,N. T. Rama Rao,Telugu Desam Party,1984-09-16,1989-12-02,,N2
Andhra Pradesh,cm,M. Chenna Reddy,Indian National Congress,1989-12-03,1990-12-17,,N2
Andhra Pradesh,cm,N. Janardhana Reddy,Indian National Congress,1990-12-17,1992-10-09,,N2
Andhra Pradesh,cm,Kotla Vijaya Bhaskara Reddy,Indian National Congress,1992-10-09,1994-12-12,,N2
Andhra Pradesh,cm,N. T. Rama Rao,Telugu Desam Party,1994-12-12,1995-09-01,,N2
Andhra Pradesh,cm,N. Chandrababu Naidu,Telugu Desam Party,1995-09-01,2004-05-14,,N2
Andhra Pradesh,cm,Y. S. Rajasekhara Reddy,Indian National Congress,2004-05-14,2009-09-02,Died in office,N2
Andhra Pradesh,cm,K. Rosaiah,Indian National Congress,2009-09-03,2010-11-24,,N2
Andhra Pradesh,cm,N. Kiran Kumar Reddy,Indian National Congress,2010-11-25,2014-03-01,,N2
Andhra Pradesh,presidents_rule,,,2014-03-01,2014-06-08,Post-bifurcation,N2
Andhra Pradesh,cm,N. Chandrababu Naidu,Telugu Desam Party,2014-06-08,2019-05-29,First CM of bifurcated AP,N2
Andhra Pradesh,cm,Y. S. Jagan Mohan Reddy,YSR Congress Party,2019-05-30,2024-06-11,,N2
Andhra Pradesh,cm,N. Chandrababu Naidu,Telugu Desam Party,2024-06-12,,,N2
Telangana,cm,K. Chandrashekar Rao,Telangana Rashtra Samithi,2014-06-02,2018-12-12,,N2
Telangana,cm,K. Chandrashekar Rao,Bharat Rashtra Samithi,2018-12-13,2023-12-03,Party renamed from Telangana Rashtra Samithi to Bharat Rashtra Samithi in October 2022,N2
Telangana,cm,A. Revanth Reddy,Indian National Congress,2023-12-07,,,N2
Tamil Nadu,cm,C. Rajagopalachari,Indian National Congress,1952-04-10,1954-04-13,Chief Minister of Madras State,N2
Tamil Nadu,cm,K. Kamaraj,Indian National Congress,1954-04-13,1963-10-02,,N2
Tamil Nadu,cm,M. Bhakthavatsalam,Indian National Congress,1963-10-02,1967-03-06,,N2
Tamil Nadu,cm,C. N. Annadurai,Dravida Munnetra Kazhagam,1967-03-06,1969-02-03,State renamed to Tamil Nadu,N2
Tamil Nadu,cm,V. R. Nedunchezhiyan,Dravida Munnetra Kazhagam,1969-02-03,1969-02-10,,N2
Tamil Nadu,cm,M. Karunanidhi,Dravida Munnetra Kazhagam,1969-02-10,1976-01-31,,N2
Tamil Nadu,presidents_rule,,,1976-01-31,1977-06-30,,N2
Tamil Nadu,cm,M. G. Ramachandran,All India Anna Dravida Munnetra Kazhagam,1977-06-30,1980-02-17,,N2
Tamil Nadu,presidents_rule,,,1980-02-17,1980-06-09,,N2
Tamil Nadu,cm,M. G. Ramachandran,All India Anna Dravida Munnetra Kazhagam,1980-06-09,1987-12-24,Died in office,N2
Tamil Nadu,cm,V. R. Nedunchezhiyan,All India Anna Dravida Munnetra Kazhagam,1987-12-24,1988-01-07,,N2
Tamil Nadu,cm,V. N. Janaki,All India Anna Dravida Munnetra Kazhagam,1988-01-07,1988-01-30,First female CM,N2
Tamil Nadu,presidents_rule,,,1988-01-30,1989-01-27,,N2
Tamil Nadu,cm,M. Karunanidhi,Dravida Munnetra Kazhagam,1989-01-27,1991-01-30,,N2
Tamil Nadu,presidents_rule,,,1991-01-30,1991-06-24,,N2
Tamil Nadu,cm,J. Jayalalithaa,All India Anna Dravida Munnetra Kazhagam,1991-06-24,1996-05-12,,N2
Tamil Nadu,cm,M. Karunanidhi,Dravida Munnetra Kazhagam,1996-05-13,2001-05-13,,N2
Tamil Nadu,cm,J. Jayalalithaa,All India Anna Dravida Munnetra Kazhagam,2001-05-14,2001-09-21,,N2
Tamil Nadu,cm,O. Panneerselvam,All India Anna Dravida Munnetra Kazhagam,2001-09-21,2002-03-01,,N2
Tamil Nadu,cm,J. Jayalalithaa,All India Anna Dravida Munnetra Kazhagam,2002-03-02,2006-05-12,,N2
Tamil Nadu,cm,M. Karunanidhi,Dravida Munnetra Kazhagam,2006-05-13,2011-05-15,,N2
Tamil Nadu,cm,J. Jayalalithaa,All India Anna Dravida Munnetra Kazhagam,2011-05-16,2014-09-27,,N2
Tamil Nadu,cm,O. Panneerselvam,All India Anna Dravida Munnetra Kazhagam,2014-09-28,2015-05-23,,N2
Tamil Nadu,cm,J. Jayalalithaa,All India Anna Dravida Munnetra Kazhagam,2015-05-23,2016-12-05,Died in office,N2
Tamil Nadu,cm,O. Panneerselvam,All India Anna Dravida Munnetra Kazhagam,2016-12-06,2017-02-16,,N2
Tamil Nadu,cm,Edappadi K. Palaniswami,All India Anna Dravida Munnetra Kazhagam,2017-02-16,2021-05-06,,N2
Tamil Nadu,cm,M. K. Stalin,Dravida Munnetra Kazhagam,2021-05-07,,,N2
Kerala,cm,E. M. S. Namboodiripad,Communist Party of India,1957-04-05,1959-07-31,First elected Communist government,N2
Kerala,presidents_rule,,,1959-07-31,1960-02-22,,N2
Kerala,cm,Pattom Thanu Pillai,Praja Socialist Party,1960-02-22,1962-09-26,,N2
Kerala,cm,R. Sankar,Indian National Congress,1962-09-26,1964-09-10,,N2
Kerala,presidents_rule,,,1964-09-10,1967-03-06,,N2
Kerala,cm,E. M. S. Namboodiripad,Communist Party of India (Marxist),1967-03-06,1969-11-01,,N2
Kerala,cm,C. Achutha Menon,Communist Party of India,1969-11-01,1970-08-01,,N2
Kerala,presidents_rule,,,1970-08-01,1970-10-04,,N2
Kerala,cm,C. Achutha Menon,Communist Party of India,1970-10-04,1977-03-25,,N2
Kerala,cm,K. Karunakaran,Indian National Congress,1977-03-25,1977-04-25,,N2
Kerala,cm,A. K. Antony,Indian National Congress,1977-04-27,1978-10-27,,N2
Kerala,cm,P. K. Vasudevan Nair,Communist Party of India,1978-10-29,1979-10-07,,N2
Kerala,cm,C. H. Mohammed Koya,Indian Union Muslim League,1979-10-12,1979-12-01,,N2
Kerala,presidents_rule,,,1979-12-01,1980-01-25,,N2
Kerala,cm,E. K. Nayanar,Communist Party of India (Marxist),1980-01-25,1981-10-20,,N2
Kerala,presidents_rule,,,1981-10-20,1981-12-28,,N2
Kerala,cm,K. Karunakaran,Indian National Congress,1981-12-28,1982-03-17,,N2
Kerala,presidents_rule,,,1982-03-17,1982-05-23,,N2
Kerala,cm,K. Karunakaran,Indian National Congress,1982-05-24,1987-03-25,,N2
Kerala,cm,E. K. Nayanar,Communist Party of India (Marxist),1987-03-26,1991-06-17,,N2
Kerala,cm,K. Karunakaran,Indian National Congress,1991-06-24,1995-03-16,,N2
Kerala,cm,A. K. Antony,Indian National Congress,1995-03-22,1996-05-09,,N2
Kerala,cm,E. K. Nayanar,Communist Party of India (Marxist),1996-05-20,2001-05-13,,N2
Kerala,cm,A. K. Antony,Indian National Congress,2001-05-17,2004-08-29,,N2
Kerala,cm,Oommen Chandy,Indian National Congress,2004-08-31,2006-05-12,,N2
Kerala,cm,V. S. Achuthanandan,Communist Party of India (Marxist),2006-05-18,2011-05-14,,N2
Kerala,cm,Oommen Chandy,Indian National Congress,2011-05-18,2016-05-20,,N2
Kerala,cm,Pinarayi Vijayan,Communist Party of India (Marxist),2016-05-25,,,N2
Karnataka,cm,K. Chengalaraya Reddy,Indian National Congress,1947-10-25,1952-03-30,,N2
Karnataka,cm,Kengal Hanumanthaiah,Indian National Congress,1952-03-30,1956-08-19,,N2
Karnataka,cm,Kadidal Manjappa,Indian National Congress,1956-08-19,1956-10-31,,N2
Karnataka,cm,S. Nijalingappa,Indian National Congress,1956-11-01,1958-05-16,,N2
Karnataka,cm,B. D. Jatti,Indian National Congress,1958-05-16,1962-03-09,,N2
Karnataka,cm,S. R. Kanthi,Indian National Congress,1962-03-14,1962-06-20,,N2
Karnataka,cm,S. Nijalingappa,Indian National Congress,1962-06-21,1968-05-29,,N2
Karnataka,cm,Veerendra Patil,Indian National Congress (O),1968-05-29,1971-03-18,,N2
Karnataka,presidents_rule,,,1971-03-19,1972-03-20,,N2
Karnataka,cm,D. Devaraj Urs,Indian National Congress,1972-03-20,1977-12-31,,N2
Karnataka,presidents_rule,,,1977-12-31,1978-02-28,,N2
Karnataka,cm,D. Devaraj Urs,Indian National Congress,1978-02-28,1980-01-07,,N2
Karnataka,cm,R. Gundu Rao,Indian National Congress,1980-01-12,1983-01-06,,N2
Karnataka,cm,Ramakrishna Hegde,Janata Party,1983-01-10,1988-08-10,,N2
Karnataka,cm,S. R. Bommai,Janata Party,1988-08-13,1989-04-21,,N2
Karnataka,presidents_rule,,,1989-04-21,1989-11-30,,N2
Karnataka,cm,Veerendra Patil,Indian National Congress,1989-11-30,1990-10-10,,N2
Karnataka,presidents_rule,,,1990-10-10,1990-10-17,,N2
Karnataka,cm,S. Bangarappa,Indian National Congress,1990-10-17,1992-11-19,,N2
Karnataka,cm,M. Veerappa Moily,Indian National Congress,1992-11-19,1994-12-11,,N2
Karnataka,cm,H. D. Deve Gowda,Janata Dal,1994-12-11,1996-05-31,,N2
Karnataka,cm,J. H. Patel,Janata Dal,1996-05-31,1999-10-07,,N2
Karnataka,cm,S. M. Krishna,Indian National Congress,1999-10-11,2004-05-28,,N2
Karnataka,cm,Dharam Singh,Indian National Congress,2004-05-28,2006-01-28,,N2
Karnataka,cm,H. D. Kumaraswamy,Janata Dal (Secular),2006-02-03,2007-10-08,,N2
Karnataka,presidents_rule,,,2007-10-09,2007-11-11,,N2
Karnataka,cm,B. S. Yediyurappa,Bharatiya Janata Party,2007-11-12,2007-11-19,,N2
Karnataka,presidents_rule,,,2007-11-20,2008-05-29,,N2
Karnataka,cm,B. S. Yediyurappa,Bharatiya Janata Party,2008-05-30,2011-07-31,,N2
Karnataka,cm,D. V. Sadananda Gowda,Bharatiya Janata Party,2011-08-04,2012-07-12,,N2
Karnataka,cm,Jagadish Shettar,Bharatiya Janata Party,2012-07-12,2013-05-13,,N2
Karnataka,cm,Siddaramaiah,Indian National Congress,2013-05-13,2018-05-15,,N2
Karnataka,cm,B. S. Yediyurappa,Bharatiya Janata Party,2018-05-17,2018-05-19,,N2
Karnataka,cm,H. D. Kumaraswamy,Janata Dal (Secular),2018-05-23,2019-07-23,,N2
Karnataka,cm,B. S. Yediyurappa,Bharatiya Janata Party,2019-07-26,2021-07-28,,N2
Karnataka,cm,Basavaraj Bommai,Bharatiya Janata Party,2021-07-28,2023-05-15,,N2
Karnataka,cm,Siddaramaiah,Indian National Congress,2023-05-20,,,N2
Puducherry,cm,Edouard Goubert,Indian National Congress,1963-07-01,1964-08-24,First Chief Minister,N2
Puducherry,cm,V. Venkatasubha Reddiar,Indian National Congress,1964-09-11,1967-04-09,,N2
Puducherry,cm,M. O. H. Farook,Indian National Congress,1967-04-09,1968-03-06,,N2
Puducherry,cm,V. Venkatasubha Reddiar,Indian National Congress,1968-03-06,1968-09-18,,N2
Puducherry,presidents_rule,,,1968-09-18,1969-03-17,,N2
Puducherry,cm,M. O. H. Farook,Dravida Munnetra Kazhagam,1969-03-17,1974-01-03,,N2
Puducherry,presidents_rule,,,1974-01-03,1974-03-06,,N2
Puducherry,cm,Subramanyan Ramaswamy,All India Anna Dravida Munnetra Kazhagam,1974-03-06,1974-03-28,,N2
Puducherry,presidents_rule,,,1974-03-28,1977-07-02,,N2
Puducherry,cm,Subramanyan Ramaswamy,All India Anna Dravida Munnetra Kazhagam,1977-07-02,1978-11-12,,N2
Puducherry,presidents_rule,,,1978-11-12,1980-01-16,,N2
Puducherry,cm,M. D. R. Ramachandran,Dravida Munnetra Kazhagam,1980-01-16,1983-06-24,,N2
Puducherry,presidents_rule,,,1983-06-24,1985-03-16,,N2
Puducherry,cm,M. O. H. Farook,Indian National Congress,1985-03-16,1990-03-04,,N2
Puducherry,cm,M. D. R. Ramachandran,Dravida Munnetra Kazhagam,1990-03-08,1991-03-03,,N2
Puducherry,presidents_rule,,,1991-03-03,1991-07-04,,N2
Puducherry,cm,V. Vaithilingam,Indian National Congress,1991-07-04,1996-05-13,,N2
Puducherry,cm,R. V. Janakiraman,Dravida Munnetra Kazhagam,1996-05-26,1999-03-21,,N2
Puducherry,cm,P. Shanmugam,Indian National Congress,2000-03-22,2001-10-27,,N2
Puducherry,cm,N. Rangaswamy,Indian National Congress,2001-10-27,2008-09-04,,N2
Puducherry,cm,V. Vaithilingam,Indian National Congress,2008-09-04,2011-05-16,,N2
Puducherry,cm,N. Rangaswamy,All India N.R. Congress,2011-05-16,2016-06-06,,N2
Puducherry,cm,V. Narayanasamy,Indian National Congress,2016-06-06,2021-02-22,,N2
Puducherry,presidents_rule,,,2021-02-25,2021-05-07,,N2
Puducherry,cm,N. Rangaswamy,All India N.R. Congress,2021-05-07,,,N2
Lakshadweep,governor,U. R. Panicker,,1956-11-01,1956-11-07,First Administrator,N2
Lakshadweep,governor,S. Moni,,1956-11-07,1958-04-09,Administrator,N2
Lakshadweep,governor,Praful Khoda Patel,,2020-12-05,,Administrator,N2
Maharashtra,cm,Yashwantrao Chavan,Indian National Congress,1960-05-01,1962-11-19,,N2
Maharashtra,cm,Marotrao Kannamwar,Indian National Congress,1962-11-20,1963-11-24,Died in office,N2
Maharashtra,cm,P. K. Sawant,Indian National Congress,1963-11-25,1963-12-04,Acting,N2
Maharashtra,cm,Vasantrao Naik,Indian National Congress,1963-12-05,1975-02-20,,N2
Maharashtra,cm,Shankarrao Chavan,Indian National Congress,1975-02-21,1977-04-16,,N2
Maharashtra,cm,Vasantdada Patil,Indian National Congress,1977-04-17,1978-07-18,,N2
Maharashtra,cm,Sharad Pawar,Indian Congress (Socialist),1978-07-18,1980-02-17,,N2
Maharashtra,presidents_rule,,,1980-02-17,1980-06-08,,N2
Maharashtra,cm,A. R. Antulay,Indian National Congress,1980-06-09,1982-01-12,,N2
Maharashtra,cm,Babasaheb Bhosale,Indian National Congress,1982-01-21,1983-02-01,,N2
Maharashtra,cm,Vasantdada Patil,Indian National Congress,1983-02-02,1985-06-01,,N2
Maharashtra,cm,Shivajirao Patil Nilangekar,Indian National Congress,1985-06-03,1986-03-06,,N2
Maharashtra,cm,Shankarrao Chavan,Indian National Congress,1986-03-12,1988-06-26,,N2
Maharashtra,cm,Sharad Pawar,Indian National Congress,1988-06-26,1991-06-25,,N2
Maharashtra,cm,Sudhakarrao Naik,Indian National Congress,1991-06-25,1993-02-22,,N2
Maharashtra,cm,Sharad Pawar,Indian National Congress,1993-03-06,1995-03-14,,N2
Maharashtra,cm,Manohar Joshi,Shiv Sena,1995-03-14,1999-01-31,,N2
Maharashtra,cm,Narayan Rane,Shiv Sena,1999-02-01,1999-10-17,,N2
Maharashtra,cm,Vilasrao Deshmukh,Indian National Congress,1999-10-18,2003-01-16,,N2
Maharashtra,cm,Sushilkumar Shinde,Indian National Congress,2003-01-18,2004-10-30,,N2
Maharashtra,cm,Vilasrao Deshmukh,Indian National Congress,2004-11-01,2008-12-04,,N2
Maharashtra,cm,Ashok Chavan,Indian National Congress,2008-12-08,2010-11-10,,N2
Maharashtra,cm,Prithviraj Chavan,Indian National Congress,2010-11-11,2014-09-26,,N2
Maharashtra,presidents_rule,,,2014-09-28,2014-10-31,,N2
Maharashtra,cm,Devendra Fadnavis,Bharatiya Janata Party,2014-10-31,2019-11-08,,N2
Maharashtra,presidents_rule,,,2019-11-12,2019-11-23,,N2
Maharashtra,cm,Devendra Fadnavis,Bharatiya Janata Party,2019-11-23,2019-11-26,,N2
Maharashtra,cm,Uddhav Thackeray,Shiv Sena,2019-11-28,2022-06-30,,N2
Maharashtra,cm,Eknath Shinde,Shiv Sena,2022-06-30,2024-12-05,,N2
Maharashtra,cm,Devendra Fadnavis,Bharatiya Janata Party,2024-12-05,,,N2
Rajasthan,cm,Heera Lal Shastri,Indian National Congress,1949-04-07,1951-01-05,,N2
Rajasthan,cm,C. S. Venkatachari,Indian National Congress,1951-01-06,1951-04-25,,N2
Rajasthan,cm,Jai Narayan Vyas,Indian National Congress,1951-04-26,1952-03-03,,N2
Rajasthan,cm,Tika Ram Paliwal,Indian National Congress,1952-03-03,1952-10-31,,N2
Rajasthan,cm,Jai Narayan Vyas,Indian National Congress,1952-11-01,1954-11-12,,N2
Rajasthan,cm,Mohan Lal Sukhadia,Indian National Congress,1954-11-13,1971-07-09,,N2
Rajasthan,cm,Barkatullah Khan,Indian National Congress,1971-07-09,1973-10-11,,N2
Rajasthan,cm,Hari Dev Joshi,Indian National Congress,1973-10-11,1977-04-29,,N2
Rajasthan,presidents_rule,,,1977-04-29,1977-06-22,,N2
Rajasthan,cm,Bhairon Singh Shekhawat,Janata Party,1977-06-22,1980-02-16,,N2
Rajasthan,presidents_rule,,,1980-02-16,1980-06-06,,N2
Rajasthan,cm,Jagannath Pahadia,Indian National Congress,1980-06-06,1981-07-13,,N2
Rajasthan,cm,Shiv Charan Mathur,Indian National Congress,1981-07-14,1985-02-23,,N2
Rajasthan,cm,Hira Lal Devpura,Indian National Congress,1985-02-23,1985-03-10,,N2
Rajasthan,cm,Hari Dev Joshi,Indian National Congress,1985-03-10,1988-01-20,,N2
Rajasthan,cm,Shiv Charan Mathur,Indian National Congress,1988-01-20,1989-12-04,,N2
Rajasthan,cm,Hari Dev Joshi,Indian National Congress,1989-12-04,1990-03-04,,N2
Rajasthan,cm,Bhairon Singh Shekhawat,Bharatiya Janata Party,1990-03-04,1992-12-15,,N2
Rajasthan,presidents_rule,,,1992-12-15,1993-12-04,,N2
Rajasthan,cm,Bhairon Singh Shekhawat,Bharatiya Janata Party,1993-12-04,1998-12-01,,N2
Rajasthan,cm,Ashok Gehlot,Indian National Congress,1998-12-01,2003-12-08,,N2
Rajasthan,cm,Vasundhara Raje,Bharatiya Janata Party,2003-12-08,2008-12-12,,N2
Rajasthan,cm,Ashok Gehlot,Indian National Congress,2008-12-12,2013-12-13,,N2
Rajasthan,cm,Vasundhara Raje,Bharatiya Janata Party,2013-12-13,2018-12-17,,N2
Rajasthan,cm,Ashok Gehlot,Indian National Congress,2018-12-17,2023-12-15,,N2
Rajasthan,cm,Bhajan Lal Sharma,Bharatiya Janata Party,2023-12-15,,,N2
Madhya Pradesh,cm,Pt. Ravi Shankar Shukla,Indian National Congress,1956-11-01,1956-12-31,,N2
Madhya Pradesh,cm,Bhagwantrao Mandloi,Indian National Congress,1957-01-01,1957-01-30,,N2
Madhya Pradesh,cm,Kailash Nath Katju,Indian National Congress,1957-01-31,1962-03-11,,N2
Madhya Pradesh,cm,Bhagwantrao Mandloi,Indian National Congress,1962-03-12,1963-09-29,,N2
Madhya Pradesh,cm,Dwarka Prasad Mishra,Indian National Congress,1963-09-30,1967-07-29,,N2
Madhya Pradesh,cm,Govind Narayan Singh,Samyukta Vidhayak Dal,1967-07-30,1969-03-12,,N2
Madhya Pradesh,cm,Raja Nareshchandra Singh,Indian National Congress,1969-03-13,1969-03-25,,N2
Madhya Pradesh,cm,Shyama Charan Shukla,Indian National Congress,1969-03-26,1972-01-28,,N2
Madhya Pradesh,cm,Prakash Chandra Sethi,Indian National Congress,1972-01-29,1975-12-22,,N2
Madhya Pradesh,cm,Shyama Charan Shukla,Indian National Congress,1975-12-23,1977-04-29,,N2
Madhya Pradesh,presidents_rule,,,1977-04-29,1977-06-23,,N2
Madhya Pradesh,cm,Kailash Joshi,Janata Party,1977-06-24,1978-01-17,,N2
Madhya Pradesh,cm,Virendra Kumar Sakhlecha,Janata Party,1978-01-18,1980-01-19,,N2
Madhya Pradesh,cm,Sunderlal Patwa,Janata Party,1980-01-20,1980-02-17,,N2
Madhya Pradesh,presidents_rule,,,1980-02-17,1980-06-08,,N2
Madhya Pradesh,cm,Arjun Singh,Indian National Congress,1980-06-09,1985-03-12,,N2
Madhya Pradesh,cm,Motilal Vora,Indian National Congress,1985-03-13,1988-02-13,,N2
Madhya Pradesh,cm,Arjun Singh,Indian National Congress,1988-02-14,1989-01-23,,N2
Madhya Pradesh,cm,Motilal Vora,Indian National Congress,1989-01-25,1989-12-08,,N2
Madhya Pradesh,cm,Shyama Charan Shukla,Indian National Congress,1989-12-09,1990-03-04,,N2
Madhya Pradesh,cm,Sunderlal Patwa,Bharatiya Janata Party,1990-03-05,1992-12-15,,N2
Madhya Pradesh,presidents_rule,,,1992-12-15,1993-12-07,,N2
Madhya Pradesh,cm,Digvijaya Singh,Indian National Congress,1993-12-07,2003-12-08,,N2
Madhya Pradesh,cm,Uma Bharti,Bharatiya Janata Party,2003-12-08,2004-08-23,,N2
Madhya Pradesh,cm,Babulal Gaur,Bharatiya Janata Party,2004-08-23,2005-11-29,,N2
Madhya Pradesh,cm,Shivraj Singh Chouhan,Bharatiya Janata Party,2005-11-29,2018-12-17,,N2
Madhya Pradesh,cm,Kamal Nath,Indian National Congress,2018-12-17,2020-03-23,,N2
Madhya Pradesh,cm,Shivraj Singh Chouhan,Bharatiya Janata Party,2020-03-23,2023-12-13,,N2
Madhya Pradesh,cm,Mohan Yadav,Bharatiya Janata Party,2023-12-13,,,N2
Chhattisgarh,cm,Ajit Jogi,Indian National Congress,2000-11-01,2003-12-07,,N2
Chhattisgarh,cm,Raman Singh,Bharatiya Janata Party,2003-12-07,2018-12-17,,N2
Chhattisgarh,cm,Bhupesh Baghel,Indian National Congress,2018-12-17,2023-12-13,,N2
Chhattisgarh,cm,Vishnu Deo Sai,Bharatiya Janata Party,2023-12-13,,,N2
Goa,cm,Dayanand Bandodkar,Maharashtrawadi Gomantak Party,1963-12-20,1973-08-12,Died in office,N2
Goa,cm,Shashikala Kakodkar,Maharashtrawadi Gomantak Party,1973-08-12,1979-04-27,,N2
Goa,presidents_rule,,,1979-04-27,1980-01-16,,N2
Goa,cm,Pratapsingh Rane,Indian National Congress,1980-01-16,1990-03-27,,N2
Goa,cm,Churchill Alemao,Progressive Democratic Front,1990-03-27,1990-04-14,,N2
Goa,cm,Luis Proto Barbosa,Progressive Democratic Front,1990-04-14,1990-12-14,,N2
Goa,presidents_rule,,,1990-12-14,1991-01-25,,N2
Goa,cm,Ravi Naik,Indian National Congress,1991-01-25,1993-05-18,,N2
Goa,cm,Wilfred de Souza,Indian National Congress,1993-05-18,1994-04-02,,N2
Goa,cm,Ravi Naik,Indian National Congress,1994-04-02,1994-04-08,,N2
Goa,cm,Wilfred de Souza,Indian National Congress,1994-04-08,1994-12-16,,N2
Goa,cm,Pratapsingh Rane,Indian National Congress,1994-12-16,1998-07-29,,N2
Goa,cm,Wilfred de Souza,Goa Rajiv Congress Party,1998-07-29,1998-11-23,,N2
Goa,cm,Luizinho Faleiro,Indian National Congress,1998-11-26,1999-02-08,,N2
Goa,presidents_rule,,,1999-02-08,1999-06-09,,N2
Goa,cm,Luizinho Faleiro,Indian National Congress,1999-06-09,1999-11-24,,N2
Goa,cm,Francisco Sardinha,Goa People's Congress,1999-11-24,2000-10-23,,N2
Goa,cm,Manohar Parrikar,Bharatiya Janata Party,2000-10-24,2005-02-02,,N2
Goa,cm,Pratapsingh Rane,Indian National Congress,2005-02-02,2005-03-04,,N2
Goa,presidents_rule,,,2005-03-04,2005-06-07,,N2
Goa,cm,Pratapsingh Rane,Indian National Congress,2005-06-07,2007-06-08,,N2
Goa,cm,Digambar Kamat,Indian National Congress,2007-06-08,2012-03-09,,N2
Goa,cm,Manohar Parrikar,Bharatiya Janata Party,2012-03-09,2014-11-08,,N2
Goa,cm,Laxmikant Parsekar,Bharatiya Janata Party,2014-11-08,2017-03-14,,N2
Goa,cm,Manohar Parrikar,Bharatiya Janata Party,2017-03-14,2019-03-17,Died in office,N2
Goa,cm,Pramod Sawant,Bharatiya Janata Party,2019-03-19,,,N2
Dadra and Nagar Haveli and Daman and Diu,governor,Praful Khoda Patel,,2020-01-26,,Administrator,N2
Uttar Pradesh,cm,Govind Ballabh Pant,Indian National Congress,1950-01-26,1954-12-28,,N2
Uttar Pradesh,cm,Sampurnanand,Indian National Congress,1954-12-28,1960-12-06,,N2
Uttar Pradesh,cm,Chandra Bhanu Gupta,Indian National Congress,1960-12-06,1963-10-02,,N2
Uttar Pradesh,cm,Sucheta Kripalani,Indian National Congress,1963-10-02,1967-03-14,First female Chief Minister of an Indian state,N2
Uttar Pradesh,cm,Chandra Bhanu Gupta,Indian National Congress,1967-03-14,1967-04-03,,N2
Uttar Pradesh,cm,Charan Singh,Bharatiya Kranti Dal,1967-04-03,1968-02-25,,N2
Uttar Pradesh,presidents_rule,,,1968-02-25,1969-02-26,,N2
Uttar Pradesh,cm,Chandra Bhanu Gupta,Indian National Congress,1969-02-26,1970-02-18,,N2
Uttar Pradesh,cm,Charan Singh,Bharatiya Kranti Dal,1970-02-18,1970-10-02,,N2
Uttar Pradesh,presidents_rule,,,1970-10-02,1970-10-18,,N2
Uttar Pradesh,cm,Tribhuvana Narayana Singh,Indian National Congress (O),1970-10-18,1971-04-04,,N2
Uttar Pradesh,cm,Kamalapati Tripathi,Indian National Congress,1971-04-04,1973-06-12,,N2
Uttar Pradesh,presidents_rule,,,1973-06-12,1973-11-08,,N2
Uttar Pradesh,cm,Hemwati Nandan Bahuguna,Indian National Congress,1973-11-08,1975-11-29,,N2
Uttar Pradesh,presidents_rule,,,1975-11-29,1976-01-21,,N2
Uttar Pradesh,cm,N. D. Tiwari,Indian National Congress,1976-01-21,1977-04-30,,N2
Uttar Pradesh,presidents_rule,,,1977-04-30,1977-06-23,,N2
Uttar Pradesh,cm,Ram Naresh Yadav,Janata Party,1977-06-23,1979-02-28,,N2
Uttar Pradesh,cm,Banarsi Das,Janata Party,1979-02-28,1980-02-17,,N2
Uttar Pradesh,presidents_rule,,,1980-02-17,1980-06-09,,N2
Uttar Pradesh,cm,V. P. Singh,Indian National Congress,1980-06-09,1982-07-19,,N2
Uttar Pradesh,cm,Sripati Mishra,Indian National Congress,1982-07-19,1984-08-03,,N2
Uttar Pradesh,cm,N. D. Tiwari,Indian National Congress,1984-08-03,1985-09-24,,N2
Uttar Pradesh,cm,Vir Bahadur Singh,Indian National Congress,1985-09-24,1988-06-25,,N2
Uttar Pradesh,cm,N. D. Tiwari,Indian National Congress,1988-06-25,1989-12-05,,N2
Uttar Pradesh,cm,Mulayam Singh Yadav,Janata Dal,1989-12-05,1991-06-24,,N2
Uttar Pradesh,cm,Kalyan Singh,Bharatiya Janata Party,1991-06-24,1992-12-06,,N2
Uttar Pradesh,presidents_rule,,,1992-12-06,1993-12-04,,N2
Uttar Pradesh,cm,Mulayam Singh Yadav,Samajwadi Party,1993-12-04,1995-06-03,,N2
Uttar Pradesh,cm,Mayawati,Bahujan Samaj Party,1995-06-03,1995-10-18,,N2
Uttar Pradesh,presidents_rule,,,1995-10-18,1997-03-21,,N2
Uttar Pradesh,cm,Mayawati,Bahujan Samaj Party,1997-03-21,1997-09-21,,N2
Uttar Pradesh,cm,Kalyan Singh,Bharatiya Janata Party,1997-09-21,1999-11-12,,N2
Uttar Pradesh,cm,Ram Prakash Gupta,Bharatiya Janata Party,1999-11-12,2000-10-28,,N2
Uttar Pradesh,cm,Rajnath Singh,Bharatiya Janata Party,2000-10-28,2002-03-08,,N2
Uttar Pradesh,presidents_rule,,,2002-03-08,2002-05-03,,N2
Uttar Pradesh,cm,Mayawati,Bahujan Samaj Party,2002-05-03,2003-08-29,,N2
Uttar Pradesh,cm,Mulayam Singh Yadav,Samajwadi Party,2003-08-29,2007-05-13,,N2
Uttar Pradesh,cm,Mayawati,Bahujan Samaj Party,2007-05-13,2012-03-15,,N2
Uttar Pradesh,cm,Akhilesh Yadav,Samajwadi Party,2012-03-15,2017-03-19,,N2
Uttar Pradesh,cm,Yogi Adityanath,Bharatiya Janata Party,2017-03-19,,,N2
Bihar,cm,Sri Krishna Sinha,Indian National Congress,1950-01-26,1961-01-31,,N2
Bihar,cm,Deep Narayan Singh,Indian National Congress,1961-02-01,1961-02-18,,N2
Bihar,cm,Binodanand Jha,Indian National Congress,1961-02-18,1963-10-02,,N2
Bihar,cm,K. B. Sahay,Indian National Congress,1963-10-02,1967-03-05,,N2
Bihar,cm,Mahamaya Prasad Sinha,Jana Kranti Dal,1967-03-05,1968-01-28,,N2
Bihar,cm,Satish Prasad Singh,Samyukta Socialist Party,1968-01-28,1968-02-01,,N2
Bihar,cm,B. P. Mandal,Samyukta Socialist Party,1968-02-01,1968-03-22,,N2
Bihar,cm,Bhola Paswan Shastri,Indian National Congress (O),1968-03-22,1968-06-29,,N2
Bihar,presidents_rule,,,1968-06-29,1969-02-26,,N2
Bihar,cm,Harihar Singh,Indian National Congress,1969-02-26,1969-06-22,,N2
Bihar,cm,Bhola Paswan Shastri,Indian National Congress (O),1969-06-22,1969-07-04,,N2
Bihar,presidents_rule,,,1969-07-06,1970-02-16,,N2
Bihar,cm,Daroga Prasad Rai,Indian National Congress,1970-02-16,1970-12-22,,N2
Bihar,cm,Karpoori Thakur,Samyukta Socialist Party,1970-12-22,1971-06-02,,N2
Bihar,cm,Bhola Paswan Shastri,Indian National Congress (O),1971-06-02,1972-01-09,,N2
Bihar,presidents_rule,,,1972-01-09,1972-03-19,,N2
Bihar,cm,Kedar Pandey,Indian National Congress,1972-03-19,1973-07-02,,N2
Bihar,cm,Abdul Ghafoor,Indian National Congress,1973-07-02,1975-04-11,,N2
Bihar,cm,Jagannath Mishra,Indian National Congress,1975-04-11,1977-04-30,,N2
Bihar,presidents_rule,,,1977-04-30,1977-06-24,,N2
Bihar,cm,Karpoori Thakur,Janata Party,1977-06-24,1979-04-21,,N2
Bihar,cm,Ram Sundar Das,Janata Party,1979-04-21,1980-02-17,,N2
Bihar,presidents_rule,,,1980-02-17,1980-06-08,,N2
Bihar,cm,Jagannath Mishra,Indian National Congress,1980-06-08,1983-08-14,,N2
Bihar,cm,Chandra Shekhar Singh,Indian National Congress,1983-08-14,1985-03-12,,N2
Bihar,cm,Bindeshwari Dubey,Indian National Congress,1985-03-12,1988-02-13,,N2
Bihar,cm,Bhagwat Jha Azad,Indian National Congress,1988-02-14,1989-03-10,,N2
Bihar,cm,Satyendra Narayan Sinha,Indian National Congress,1989-03-11,1989-12-06,,N2
Bihar,cm,Jagannath Mishra,Indian National Congress,1989-12-06,1990-03-10,,N2
Bihar,cm,Lalu Prasad Yadav,Janata Dal,1990-03-10,1995-03-28,,N2
Bihar,presidents_rule,,,1995-03-28,1995-04-04,,N2
Bihar,cm,Lalu Prasad Yadav,Janata Dal,1995-04-04,1997-07-25,,N2
Bihar,cm,Rabri Devi,Rashtriya Janata Dal,1997-07-25,1999-02-11,,N2
Bihar,presidents_rule,,,1999-02-11,1999-03-09,,N2
Bihar,cm,Rabri Devi,Rashtriya Janata Dal,1999-03-09,2000-03-02,,N2
Bihar,cm,Nitish Kumar,Janata Dal (United),2000-03-03,2000-03-10,,N2
Bihar,cm,Rabri Devi,Rashtriya Janata Dal,2000-03-11,2005-03-06,,N2
Bihar,presidents_rule,,,2005-03-07,2005-11-24,,N2
Bihar,cm,Nitish Kumar,Janata Dal (United),2005-11-24,2014-05-20,,N2
Bihar,cm,Jitan Ram Manjhi,Janata Dal (United),2014-05-20,2015-02-20,,N2
Bihar,cm,Nitish Kumar,Janata Dal (United),2015-02-22,,,N2
Jharkhand,cm,Babulal Marandi,Bharatiya Janata Party,2000-11-15,2003-03-18,,N2
Jharkhand,cm,Arjun Munda,Bharatiya Janata Party,2003-03-18,2005-03-02,,N2
Jharkhand,cm,Shibu Soren,Jharkhand Mukti Morcha,2005-03-02,2005-03-12,,N2
Jharkhand,cm,Arjun Munda,Bharatiya Janata Party,2005-03-12,2006-09-18,,N2
Jharkhand,cm,Madhu Koda,Independent,2006-09-18,2008-08-27,,N2
Jharkhand,cm,Shibu Soren,Jharkhand Mukti Morcha,2008-08-27,2009-01-18,,N2
Jharkhand,presidents_rule,,,2009-01-19,2009-12-30,,N2
Jharkhand,cm,Shibu Soren,Jharkhand Mukti Morcha,2009-12-30,2010-06-01,,N2
Jharkhand,presidents_rule,,,2010-06-01,2010-09-11,,N2
Jharkhand,cm,Arjun Munda,Bharatiya Janata Party,2010-09-11,2013-01-18,,N2
Jharkhand,presidents_rule,,,2013-01-18,2013-07-13,,N2
Jharkhand,cm,Hemant Soren,Jharkhand Mukti Morcha,2013-07-13,2014-12-28,,N2
Jharkhand,cm,Raghubar Das,Bharatiya Janata Party,2014-12-28,2019-12-29,First CM to complete 5 year term,N2
Jharkhand,cm,Hemant Soren,Jharkhand Mukti Morcha,2019-12-29,2024-01-31,,N2
Jharkhand,cm,Champai Soren,Jharkhand Mukti Morcha,2024-02-02,2024-07-03,,N2
Jharkhand,cm,Hemant Soren,Jharkhand Mukti Morcha,2024-07-04,,,N2
Odisha,cm,Harekrushna Mahatab,Indian National Congress,1947-08-15,1950-05-12,,N2
Odisha,cm,Nabakrushna Choudhury,Indian National Congress,1950-05-12,1956-10-19,,N2
Odisha,cm,Harekrushna Mahatab,Indian National Congress,1956-10-19,1961-02-25,,N2
Odisha,presidents_rule,,,1961-02-25,1961-06-23,,N2
Odisha,cm,Biju Patnaik,Indian National Congress,1961-06-23,1963-10-02,,N2
Odisha,cm,Biren Mitra,Indian National Congress,1963-10-02,1965-02-21,,N2
Odisha,cm,Sadashiva Tripathy,Indian National Congress,1965-02-21,1967-03-08,,N2
Odisha,cm,Rajendra Narayan Singh Deo,Swatantra Party,1967-03-08,1971-01-09,,N2
Odisha,presidents_rule,,,1971-01-11,1971-04-03,,N2
Odisha,cm,Bishwanath Das,Independent,1971-04-03,1972-06-14,,N2
Odisha,cm,Nandini Satpathy,Indian National Congress,1972-06-14,1973-03-03,,N2
Odisha,presidents_rule,,,1973-03-03,1974-03-06,,N2
Odisha,cm,Nandini Satpathy,Indian National Congress,1974-03-06,1976-12-16,,N2
Odisha,presidents_rule,,,1976-12-16,1976-12-29,,N2
Odisha,cm,Binayak Acharya,Indian National Congress,1976-12-29,1977-04-30,,N2
Odisha,presidents_rule,,,1977-04-30,1977-06-26,,N2
Odisha,cm,Nilamani Routray,Janata Party,1977-06-26,1980-02-17,,N2
Odisha,presidents_rule,,,1980-02-17,1980-06-09,,N2
Odisha,cm,Janaki Ballabh Patnaik,Indian National Congress,1980-06-09,1989-12-06,,N2
Odisha,cm,Hemananda Biswal,Indian National Congress,1989-12-07,1990-03-05,,N2
Odisha,cm,Biju Patnaik,Janata Dal,1990-03-05,1995-03-15,,N2
Odisha,cm,Janaki Ballabh Patnaik,Indian National Congress,1995-03-15,1999-02-17,,N2
Odisha,cm,Giridhar Gamang,Indian National Congress,1999-02-17,1999-12-06,,N2
Odisha,cm,Hemananda Biswal,Indian National Congress,1999-12-06,2000-03-05,,N2
Odisha,cm,Naveen Patnaik,Biju Janata Dal,2000-03-05,2024-06-11,,N2
Odisha,cm,Mohan Charan Majhi,Bharatiya Janata Party,2024-06-12,,,N2
West Bengal,cm,Prafulla Chandra Ghosh,Indian National Congress,1947-08-15,1948-01-22,,N2
West Bengal,cm,Bidhan Chandra Roy,Indian National Congress,1948-01-23,1962-07-01,Died in office,N2
West Bengal,cm,Prafulla Chandra Sen,Indian National Congress,1962-07-09,1967-03-01,,N2
West Bengal,cm,Ajoy Kumar Mukherjee,Bangla Congress,1967-03-01,1967-11-21,,N2
West Bengal,cm,Prafulla Chandra Ghosh,Independent,1967-11-21,1968-02-20,,N2
West Bengal,presidents_rule,,,1968-02-20,1969-02-25,,N2
West Bengal,cm,Ajoy Kumar Mukherjee,Bangla Congress,1969-02-25,1970-03-16,,N2
West Bengal,presidents_rule,,,1970-03-19,1971-04-02,,N2
West Bengal,cm,Ajoy Kumar Mukherjee,Indian National Congress,1971-04-02,1971-06-28,,N2
West Bengal,presidents_rule,,,1971-06-29,1972-03-20,,N2
West Bengal,cm,Siddhartha Shankar Ray,Indian National Congress,1972-03-20,1977-04-30,,N2
West Bengal,presidents_rule,,,1977-04-30,1977-06-21,,N2
West Bengal,cm,Jyoti Basu,Communist Party of India (Marxist),1977-06-21,2000-11-06,,N2
West Bengal,cm,Buddhadeb Bhattacharjee,Communist Party of India (Marxist),2000-11-06,2011-05-13,,N2
West Bengal,cm,Mamata Banerjee,All India Trinamool Congress,2011-05-20,,,N2
Andaman and Nicobar Islands,governor,Devendra Kumar Joshi,,2017-10-08,,Lieutenant Governor,N2
West Bengal,cm,Suvendu Adhikari,Bharatiya Janata Party,2026-05-09,,First BJP Chief Minister of West Bengal,N2
Manipur,presidents_rule,,,2025-02-13,,President's Rule imposed on 13 February 2025 following the Chief Minister's resignation,N4
Assam,cm,Gopinath Bordoloi,Indian National Congress,1947-08-15,1950-08-06,,N2
Assam,cm,Bishnuram Medhi,Indian National Congress,1950-08-09,1957-12-27,,N2
Assam,cm,Bimala Prasad Chaliha,Indian National Congress,1957-12-28,1970-11-06,,N2
Assam,cm,Mahendra Mohan Choudhury,Indian National Congress,1970-11-11,1972-01-30,,N2
Assam,cm,Sarat Chandra Sinha,Indian National Congress,1972-01-31,1978-03-12,,N2
Assam,cm,Golap Borbora,Janata Party,1978-03-12,1979-09-04,,N2
Assam,cm,Jogendra Nath Hazarika,Janata Party,1979-09-09,1979-12-11,,N2
Assam,presidents_rule,,,1979-12-12,1980-12-05,,N2
Assam,cm,Syeda Anwara Taimur,Indian National Congress,1980-12-06,1981-06-30,,N2
Assam,presidents_rule,,,1981-06-30,1982-01-13,,N2
Assam,cm,Kesab Chandra Gogoi,Indian National Congress,1982-01-13,1982-03-19,,N2
Assam,presidents_rule,,,1982-03-19,1983-02-27,,N2
Assam,cm,Hiteswar Saikia,Indian National Congress,1983-02-27,1985-12-23,,N2
Assam,cm,Prafulla Kumar Mahanta,Asom Gana Parishad,1985-12-24,1990-11-28,,N2
Assam,presidents_rule,,,1990-11-28,1991-06-30,,N2
Assam,cm,Hiteswar Saikia,Indian National Congress,1991-06-30,1996-04-22,Died in office,N2
Assam,cm,Bhumidhar Barman,Indian National Congress,1996-04-22,1996-05-14,,N2
Assam,cm,Prafulla Kumar Mahanta,Asom Gana Parishad,1996-05-15,2001-05-17,,N2
Assam,cm,Tarun Gogoi,Indian National Congress,2001-05-18,2016-05-24,,N2
Assam,cm,Sarbananda Sonowal,Bharatiya Janata Party,2016-05-24,2021-05-10,,N2
Assam,cm,Himanta Biswa Sarma,Bharatiya Janata Party,2021-05-10,,,N2
Meghalaya,cm,Williamson A. Sangma,All Party Hill Leaders Conference,1970-04-02,1978-03-03,Autonomous-state era before full statehood,N2
Meghalaya,cm,Darwin Diengdoh Pugh,All Party Hill Leaders Conference,1978-03-10,1979-05-06,,N2
Meghalaya,cm,B. B. Lyngdoh,All Party Hill Leaders Conference,1979-05-07,1981-05-07,,N2
Meghalaya,cm,Williamson A. Sangma,Indian National Congress,1981-05-07,1983-02-24,,N2
Meghalaya,cm,B. B. Lyngdoh,All Party Hill Leaders Conference,1983-03-02,1983-03-31,,N2
Meghalaya,cm,Williamson A. Sangma,Indian National Congress,1983-04-02,1988-02-06,,N2
Meghalaya,cm,P. A. Sangma,Indian National Congress,1988-02-06,1990-03-25,,N2
Meghalaya,cm,B. B. Lyngdoh,Hill People's Union,1990-03-26,1991-10-10,,N2
Meghalaya,presidents_rule,,,1991-10-11,1992-02-05,,N2
Meghalaya,cm,D. D. Lapang,Indian National Congress,1992-02-05,1993-02-19,,N2
Meghalaya,cm,S. C. Marak,Indian National Congress,1993-02-19,1998-03-10,,N2
Meghalaya,cm,B. B. Lyngdoh,United Democratic Party,1998-03-10,2000-03-08,,N2
Meghalaya,cm,E. K. Mawlong,United Democratic Party,2000-03-08,2001-12-08,,N2
Meghalaya,cm,Flinder Anderson Khonglam,Independent,2001-12-08,2003-03-04,,N2
Meghalaya,cm,D. D. Lapang,Indian National Congress,2003-03-04,2006-06-15,,N2
Meghalaya,cm,J. D. Rymbai,Indian National Congress,2006-06-15,2007-03-10,,N2
Meghalaya,cm,D. D. Lapang,Indian National Congress,2007-03-10,2008-03-19,,N2
Meghalaya,cm,Donkupar Roy,United Democratic Party,2008-03-19,2009-03-18,,N2
Meghalaya,presidents_rule,,,2009-03-18,2009-05-12,,N2
Meghalaya,cm,D. D. Lapang,Indian National Congress,2009-05-13,2010-04-19,,N2
Meghalaya,cm,Mukul Sangma,Indian National Congress,2010-04-20,2018-03-06,,N2
Meghalaya,cm,Conrad Sangma,National People's Party,2018-03-06,,,N2
Tripura,cm,Sachindra Lal Singh,Indian National Congress,1963-07-01,1971-11-01,,N2
Tripura,presidents_rule,,,1971-11-01,1972-03-20,,N2
Tripura,cm,Sukhamoy Sen Gupta,Indian National Congress,1972-03-20,1977-03-31,,N2
Tripura,cm,Prafulla Kumar Das,Congress for Democracy,1977-04-01,1977-07-25,,N2
Tripura,cm,Radhika Ranjan Gupta,Janata Party,1977-07-26,1977-11-04,,N2
Tripura,presidents_rule,,,1977-11-05,1978-01-05,,N2
Tripura,cm,Nripen Chakraborty,Communist Party of India (Marxist),1978-01-05,1988-02-05,,N2
Tripura,cm,Sudhir Ranjan Majumdar,Indian National Congress,1988-02-05,1992-02-19,,N2
Tripura,cm,Samir Ranjan Barman,Indian National Congress,1992-02-19,1993-03-10,,N2
Tripura,presidents_rule,,,1993-03-11,1993-04-10,,N2
Tripura,cm,Dasarath Deb,Communist Party of India (Marxist),1993-04-10,1998-03-11,,N2
Tripura,cm,Manik Sarkar,Communist Party of India (Marxist),1998-03-11,2018-03-09,,N2
Tripura,cm,Biplab Kumar Deb,Bharatiya Janata Party,2018-03-09,2022-05-15,,N2
Tripura,cm,Manik Saha,Bharatiya Janata Party,2022-05-15,,,N2
Mizoram,cm,Ch. Chhunga,Mizo Union,1972-05-03,1977-05-10,,N2
Mizoram,presidents_rule,,,1977-05-11,1978-06-01,,N2
Mizoram,cm,Thenphunga Sailo,Mizoram People's Conference,1978-06-02,1978-11-10,,N2
Mizoram,presidents_rule,,,1978-11-10,1979-05-08,,N2
Mizoram,cm,Thenphunga Sailo,Mizoram People's Conference,1979-05-08,1984-05-04,,N2
Mizoram,cm,Lal Thanhawla,Indian National Congress,1984-05-05,1986-08-20,,N2
Mizoram,cm,Laldenga,Mizo National Front,1986-08-21,1988-09-07,,N2
Mizoram,presidents_rule,,,1988-09-07,1989-01-24,,N2
Mizoram,cm,Lal Thanhawla,Indian National Congress,1989-01-24,1998-12-03,,N2
Mizoram,cm,Zoramthanga,Mizo National Front,1998-12-03,2008-12-11,,N2
Mizoram,cm,Lal Thanhawla,Indian National Congress,2008-12-11,2018-12-15,,N2
Mizoram,cm,Zoramthanga,Mizo National Front,2018-12-15,2023-12-08,,N2
Mizoram,cm,Lalduhoma,Zoram People's Movement,2023-12-08,,,N2
Manipur,cm,Mairembam Koireng Singh,Indian National Congress,1963-07-01,1967-01-11,,N2
Manipur,presidents_rule,,,1967-01-12,1967-03-19,,N2
Manipur,cm,Mairembam Koireng Singh,Indian National Congress,1967-03-20,1967-10-04,,N2
Manipur,cm,Longjam Thambou Singh,Manipur United Front,1967-10-13,1967-10-24,,N2
Manipur,presidents_rule,,,1967-10-25,1968-02-18,,N2
Manipur,cm,Mairembam Koireng Singh,Indian National Congress,1968-02-19,1969-10-16,,N2
Manipur,presidents_rule,,,1969-10-17,1972-03-22,,N2
Manipur,cm,Mohammed Alimuddin,Manipur People's Party,1972-03-23,1973-03-27,,N2
Manipur,presidents_rule,,,1973-03-28,1974-03-03,,N2
Manipur,cm,Mohammed Alimuddin,Manipur People's Party,1974-03-04,1974-07-09,,N2
Manipur,cm,Yangmaso Shaiza,Manipur Hills Union,1974-07-10,1974-12-05,,N2
Manipur,cm,Raj Kumar Dorendra Singh,Indian National Congress,1974-12-06,1977-05-15,,N2
Manipur,presidents_rule,,,1977-05-16,1977-06-28,,N2
Manipur,cm,Yangmaso Shaiza,Janata Party,1977-06-29,1979-11-13,,N2
Manipur,presidents_rule,,,1979-11-14,1980-01-13,,N2
Manipur,cm,Raj Kumar Dorendra Singh,Indian National Congress,1980-01-14,1980-11-26,,N2
Manipur,cm,Rishang Keishing,Indian National Congress,1980-11-27,1981-02-27,,N2
Manipur,presidents_rule,,,1981-02-28,1981-06-18,,N2
Manipur,cm,Rishang Keishing,Indian National Congress,1981-06-19,1988-03-03,,N2
Manipur,cm,Raj Kumar Jaichandra Singh,Indian National Congress,1988-03-04,1990-02-22,,N2
Manipur,cm,Raj Kumar Ranbir Singh,Manipur People's Party,1990-02-23,1992-01-06,,N2
Manipur,presidents_rule,,,1992-01-07,1992-04-07,,N2
Manipur,cm,Raj Kumar Dorendra Singh,Indian National Congress,1992-04-08,1993-12-30,,N2
Manipur,presidents_rule,,,1993-12-31,1994-12-13,,N2
Manipur,cm,Rishang Keishing,Indian National Congress,1994-12-14,1997-12-15,,N2
Manipur,cm,Wahengbam Nipamacha Singh,Manipur State Congress Party,1997-12-16,2001-02-14,,N2
Manipur,cm,Radhabinod Koijam,Samata Party,2001-02-15,2001-06-01,,N2
Manipur,presidents_rule,,,2001-06-02,2002-03-06,,N2
Manipur,cm,Okram Ibobi Singh,Indian National Congress,2002-03-07,2017-03-14,,N2
Manipur,cm,N. Biren Singh,Bharatiya Janata Party,2017-03-15,2025-02-09,Resigned on 9 February 2025,N2
Nagaland,cm,P. Shilu Ao,Naga Nationalist Organisation,1963-12-01,1966-08-14,,N2
Nagaland,cm,T. N. Angami,Naga Nationalist Organisation,1966-08-14,1969-02-22,,N2
Nagaland,cm,Hokishe Sema,Naga Nationalist Organisation,1969-02-22,1974-02-26,,N2
Nagaland,cm,Vizol Koso,United Democratic Front,1974-02-26,1975-03-10,,N2
Nagaland,cm,John Bosco Jasokie,Naga National Democratic Party,1975-03-10,1975-03-20,,N2
Nagaland,presidents_rule,,,1975-03-20,1977-11-25,,N2
Nagaland,cm,Vizol Koso,United Democratic Front,1977-11-25,1980-04-18,,N2
Nagaland,cm,S. C. Jamir,United Democratic Front-Progressive,1980-04-18,1980-06-05,,N2
Nagaland,cm,John Bosco Jasokie,Naga National Democratic Party,1980-06-05,1982-11-18,,N2
Nagaland,cm,S. C. Jamir,United Democratic Front-Progressive,1982-11-18,1986-10-28,,N2
Nagaland,cm,Hokishe Sema,Indian National Congress,1986-10-29,1988-08-07,,N2
Nagaland,presidents_rule,,,1988-08-07,1989-01-25,,N2
Nagaland,cm,S. C. Jamir,Indian National Congress,1989-01-25,1990-05-15,,N2
Nagaland,cm,K. L. Chishi,Indian National Congress,1990-05-16,1990-06-19,,N2
Nagaland,cm,Vamuzo Phesao,Nagaland People's Council,1990-06-19,1992-04-02,,N2
Nagaland,presidents_rule,,,1992-04-02,1993-02-22,,N2
Nagaland,cm,S. C. Jamir,Indian National Congress,1993-02-22,2003-03-06,,N2
Nagaland,cm,Neiphiu Rio,Naga People's Front,2003-03-06,2008-01-03,,N2
Nagaland,presidents_rule,,,2008-01-03,2008-03-12,,N2
Nagaland,cm,Neiphiu Rio,Naga People's Front,2008-03-12,2014-05-24,,N2
Nagaland,cm,T. R. Zeliang,Naga People's Front,2014-05-24,2017-02-22,,N2
Nagaland,cm,Shurhozelie Liezietsu,Naga People's Front,2017-02-22,2017-07-19,,N2
Nagaland,cm,T. R. Zeliang,Naga People's Front,2017-07-19,2018-03-08,,N2
Nagaland,cm,Neiphiu Rio,Nationalist Democratic Progressive Party,2018-03-08,,,N2
Arunachal Pradesh,cm,Prem Khandu Thungan,Janata Party,1975-08-13,1979-09-18,,N2
Arunachal Pradesh,cm,Tomo Riba,People's Party of Arunachal,1979-09-18,1979-11-03,,N2
Arunachal Pradesh,presidents_rule,,,1979-11-03,1980-01-18,,N2
Arunachal Pradesh,cm,Gegong Apang,Indian National Congress,1980-01-18,1999-01-19,,N2
Arunachal Pradesh,cm,Mukut Mithi,Indian National Congress,1999-01-19,2003-08-03,,N2
Arunachal Pradesh,cm,Gegong Apang,United Democratic Front,2003-08-03,2007-04-09,,N2
Arunachal Pradesh,cm,Dorjee Khandu,Indian National Congress,2007-04-09,2011-04-30,Died in office,N2
Arunachal Pradesh,cm,Jarbom Gamlin,Indian National Congress,2011-05-05,2011-10-31,,N2
Arunachal Pradesh,cm,Nabam Tuki,Indian National Congress,2011-11-01,2016-01-26,,N2
Arunachal Pradesh,presidents_rule,,,2016-01-26,2016-02-19,,N2
Arunachal Pradesh,cm,Kalikho Pul,People's Party of Arunachal,2016-02-19,2016-07-13,,N2
Arunachal Pradesh,cm,Nabam Tuki,Indian National Congress,2016-07-13,2016-07-17,,N2
Arunachal Pradesh,cm,Pema Khandu,Bharatiya Janata Party,2016-07-17,,,N2
Sikkim,cm,Kazi Lhendup Dorjee,Indian National Congress,1975-05-16,1979-08-17,,N2
Sikkim,presidents_rule,,,1979-08-18,1979-10-17,,N2
Sikkim,cm,Nar Bahadur Bhandari,Sikkim Janata Parishad,1979-10-18,1984-05-11,,N2
Sikkim,cm,B. B. Gurung,Indian National Congress,1984-05-11,1984-05-25,,N2
Sikkim,presidents_rule,,,1984-05-25,1985-03-08,,N2
Sikkim,cm,Nar Bahadur Bhandari,Sikkim Sangram Parishad,1985-03-08,1994-05-17,,N2
Sikkim,cm,Sanchaman Limboo,Sikkim Sangram Parishad,1994-05-18,1994-12-12,,N2
Sikkim,cm,Pawan Kumar Chamling,Sikkim Democratic Front,1994-12-12,2019-05-26,,N2
Sikkim,cm,Prem Singh Tamang,Sikkim Krantikari Morcha,2019-05-27,,,N2
India,pm,Jawaharlal Nehru,Indian National Congress,1947-08-15,1964-05-27,"First and longest serving Prime Minister (16 years, 286 days); died in office",W1
India,pm,Gulzarilal Nanda,Indian National Congress,1964-05-27,1964-06-09,Acting Prime Minister (13 days); interim arrangement after Nehru's death,W1
India,pm,Lal Bahadur Shastri,Indian National Congress,1964-06-09,1966-01-11,Died in office in Tashkent after signing the Tashkent Declaration,W1
India,pm,Gulzarilal Nanda,Indian National Congress,1966-01-11,1966-01-24,Acting Prime Minister (13 days); interim arrangement after Shastri's death,W1
India,pm,Indira Gandhi,Indian National Congress,1966-01-24,1977-03-24,First woman Prime Minister; Emergency declared 1975 to 1977; defeated in the 1977 election,W1
India,pm,Morarji Desai,Janata Party,1977-03-24,1979-07-28,First non-Congress Prime Minister; resigned after losing his majority,W1
India,pm,Charan Singh,Janata Party (Secular),1979-07-28,1980-01-14,Never faced parliament; resigned before a confidence vote,W1
India,pm,Indira Gandhi,Indian National Congress,1980-01-14,1984-10-31,Returned to power; assassinated in office. Source records the party as Congress (I),W1
India,pm,Rajiv Gandhi,Indian National Congress,1984-10-31,1989-12-02,Youngest Prime Minister at 40; assassinated during the 1991 election campaign. Source records the party as Congress (I),W1
India,pm,V. P. Singh,Janata Dal,1989-12-02,1990-11-10,National Front coalition; resigned after a no-confidence motion,W1
India,pm,Chandra Shekhar,Samajwadi Janata Party (Rashtriya),1990-11-10,1991-06-21,Short lived government with outside Congress support; resigned,W1
India,pm,P. V. Narasimha Rao,Indian National Congress,1991-06-21,1996-05-16,Completed a full term; economic liberalisation. Source records the party as Congress (I),W1
India,pm,Atal Bihari Vajpayee,Bharatiya Janata Party,1996-05-16,1996-06-01,Resigned before the confidence vote; commonly described as the 13 day government,W1
India,pm,H. D. Deve Gowda,Janata Dal,1996-06-01,1997-04-21,United Front coalition with outside Congress support; resigned,W1
India,pm,Inder Kumar Gujral,Janata Dal,1997-04-21,1998-03-19,United Front coalition; resigned after Congress withdrew support,W1
India,pm,Atal Bihari Vajpayee,Bharatiya Janata Party,1998-03-19,2004-05-22,First non-Congress Prime Minister to complete a full term; re-elected in 1999; NDA coalition,W1
India,pm,Manmohan Singh,Indian National Congress,2004-05-22,2014-05-26,Two consecutive terms; UPA coalition government,W1
India,pm,Narendra Modi,Bharatiya Janata Party,2014-05-26,2019-05-30,First term; single party majority,W1
India,pm,Narendra Modi,Bharatiya Janata Party,2019-05-30,2024-06-09,Second term; expanded majority,W1
India,pm,Narendra Modi,Bharatiya Janata Party,2024-06-09,,"Third consecutive term; NDA coalition government (BJP 240 seats, NDA 293)",W1
Andhra Pradesh,cm,Nara Chandrababu Naidu,Telugu Desam Party,2024-06-12,,Fourth term as Chief Minister of Andhra Pradesh,S18;S19
Arunachal Pradesh,cm,Pema Khandu,Bharatiya Janata Party,2024-06-13,,Third consecutive term; incumbency confirmed February 2026,S26;S42
Assam,cm,Himanta Biswa Sarma,Bharatiya Janata Party,2026-05-12,,Second consecutive term following the 2026 assembly election,S11;S45
Bihar,cm,Nitish Kumar,Janata Dal (United),2025-11-20,,Tenth term; sworn in at Gandhi Maidan Patna,S15
Delhi,cm,Rekha Gupta,Bharatiya Janata Party,2025-02-20,,Sworn in at Ramlila Maidan by Lieutenant Governor Vinai Kumar Saxena,S16
Haryana,cm,Nayab Singh Saini,Bharatiya Janata Party,2024-10-17,,Second term; first sworn in 12 March 2024,S22;S23
Himachal Pradesh,cm,Sukhvinder Singh Sukhu,Indian National Congress,2022-12-11,,Incumbency confirmed 3 June 2026; the 2022-12-11 start date was not confirmed against a retrieved source,S43
Jammu and Kashmir,cm,Omar Abdullah,Jammu & Kashmir National Conference,2024-10-16,,First elected Chief Minister of the union territory; sworn in by Lieutenant Governor Manoj Sinha,S24
Jharkhand,cm,Hemant Soren,Jharkhand Mukti Morcha,2024-11-28,,Fourth term,S21
Karnataka,cm,D. K. Shivakumar,Indian National Congress,2026-06-03,,Succeeded Siddaramaiah under the Congress power-sharing arrangement,S12;S43
Kerala,cm,V. D. Satheesan,Indian National Congress,2026-05-18,,Sworn in after the 2026 assembly election; ended ten years of Left Democratic Front government,S7;S8
Maharashtra,cm,Devendra Fadnavis,Bharatiya Janata Party,2024-12-05,,Third term,S20
Manipur,cm,Yumnam Khemchand Singh,Bharatiya Janata Party,2026-02-04,,Sworn in the same day President's Rule was revoked; still in office as of June 2026,S13;S68
Mizoram,cm,Lalduhoma,Zoram People's Movement,2023-12-08,,Incumbency confirmed February 2026; the 2023-12-08 start date was not confirmed against a retrieved source,S42
Odisha,cm,Mohan Charan Majhi,Bharatiya Janata Party,2024-06-12,,First Bharatiya Janata Party Chief Minister of Odisha,S19
Puducherry,cm,N. Rangaswamy,All India N.R. Congress,2026-05-13,,Fifth term; sworn in by Lieutenant Governor Kuniyil Kailashnathan after the 2026 election,S9;S10;S66
Sikkim,cm,Prem Singh Tamang,Sikkim Krantikari Morcha,2024-06-10,,Second consecutive term,S25
Tamil Nadu,cm,C. Joseph Vijay,Tamilaga Vettri Kazhagam,2026-05-10,,"UNCONFIRMED: sourced only to Wikipedia, no official page retrieved. Verify against an ECI or Raj Bhavan source before approving. Reported to have won a floor test 13 May 2026",S49;S50
Telangana,cm,Anumula Revanth Reddy,Indian National Congress,2023-12-07,,Incumbency confirmed 3 June 2026; the 2023-12-07 start date was not confirmed against a retrieved source,S43
Tripura,cm,Manik Saha,Bharatiya Janata Party,2023-03-08,,Incumbency confirmed February 2026; the 2023-03-08 start date was not confirmed against a retrieved source,S42
West Bengal,cm,Suvendu Adhikari,Bharatiya Janata Party,2026-05-09,,First Bharatiya Janata Party Chief Minister of West Bengal; sworn in at Brigade Parade Ground,S6
Andhra Pradesh,governor,Syed Abdul Nazeer,,2023-02-24,,In office June 2024; start date from Wikipedia,S18;S63
Assam,governor,Lakshman Prasad Acharya,,2024-07-31,,Appointed 27 July 2024; exact date of assumption of charge not confirmed against a retrieved source,S40;S45
Bihar,governor,Syed Ata Hasnain,,2026-03-14,,Sworn in per Bihar Raj Bhavan; succeeded Arif Mohammed Khan,S29
Chhattisgarh,governor,Ramen Deka,,2024-07-31,,Appointed 27 July 2024; date of assumption of charge not confirmed against a retrieved source,S37;S40
Delhi,governor,Taranjit Singh Sandhu,,2026-03-11,,Lieutenant Governor; succeeded Vinai Kumar Saxena who moved to Ladakh,S30;S31;S57
Goa,governor,Pusapati Ashok Gajapathi Raju,,2025-07-26,,,S33
Gujarat,governor,Acharya Devvrat,,2019-07-22,,Held additional charge of Maharashtra 12 September 2025 to 9 March 2026,S65
Haryana,governor,Ashim Kumar Ghosh,,2025-07-21,,19th Governor; succeeded Bandaru Dattatreya,S34
Himachal Pradesh,governor,Kavinder Gupta,,2026-03-11,,Moved from Lieutenant Governor of Ladakh,S41;S59
Jharkhand,governor,Santosh Kumar Gangwar,,2024-07-31,,Administered oath to Hemant Soren November 2024; exact date of assumption of charge not confirmed,S21;S37
Karnataka,governor,Thaawarchand Gehlot,,2021-07-11,,Administered oath to D. K. Shivakumar 3 June 2026; the 2021-07-11 start date not confirmed against a retrieved source,S12;S43
Kerala,governor,Rajendra Vishwanath Arlekar,,2025-01-02,,23rd Governor of Kerala; also holds additional charge of Tamil Nadu from March 2026,S28;S41
Ladakh,governor,Vinai Kumar Saxena,,2026-03-13,,"Lieutenant Governor. Ladakh has no legislature, listed for completeness",S41;S30
Maharashtra,governor,Jishnu Dev Varma,,2026-03-10,,Moved from Telangana,S41;S60
Manipur,governor,Ajay Kumar Bhalla,,2025-01-03,,Administered the state during President's Rule February 2025 to February 2026,S32;S61
Meghalaya,governor,C. H. Vijayashankar,,2024-07-31,,Appointed 27 July 2024; date of assumption of charge not confirmed against a retrieved source,S37;S40
Mizoram,governor,Vijay Kumar Singh,,2025-01-01,,Appointed 24 December 2024; date of assumption of charge not confirmed against a retrieved source,S38
Nagaland,governor,Nand Kishore Yadav,,2026-03-13,,Former Speaker of the Bihar Legislative Assembly; succeeded Ajay Kumar Bhalla who held additional charge,S39;S61
Odisha,governor,Kambhampati Hari Babu,,2025-01-03,,Moved from Mizoram after Raghubar Das resigned,S38;S62
Puducherry,governor,Kuniyil Kailashnathan,,2024-08-07,,Lieutenant Governor; administered oath to N. Rangaswamy May 2026,S9;S58
Punjab,governor,Gulab Chand Kataria,,2024-07-31,,Also Administrator of Chandigarh; succeeded Banwarilal Purohit,S37
Rajasthan,governor,Haribhau Kisanrao Bagde,,2024-07-31,,,S36
Sikkim,governor,Om Prakash Mathur,,2024-07-31,,18th Governor of Sikkim,S35
Tamil Nadu,governor,Rajendra Vishwanath Arlekar,,2026-03-12,,Additional charge; substantive post is Governor of Kerala. Succeeded R. N. Ravi who moved to West Bengal,S41;S56
Telangana,governor,Shiv Pratap Shukla,,2026-03-10,,Moved from Himachal Pradesh; exact date of assumption of charge not confirmed against a retrieved source,S41;S60
Tripura,governor,N. Indrasena Reddy,,2023-10-26,,Start date from Wikipedia,S64
West Bengal,governor,Rabindra Narayan Ravi,,2026-03-12,,Moved from Tamil Nadu after C. V. Ananda Bose resigned; administered oath to Suvendu Adhikari 9 May 2026,S41;S6
